{
    "xyz": [
        [
            0.45400381088256836,
            -0.34370309114456177,
            0.3865654170513153
        ],
        [
            0.4738837778568268,
            -0.3597428798675537,
            0.2637471854686737
        ],
        [
            0.17089861631393433,
            -0.3776065707206726,
            0.2127927541732788
        ],
        [
            0.3000333905220032,
            0.42382073402404785,
            0.1957842856645584
        ],
        [
            0.5050316452980042,
            0.40296071767807007,
            0.21469996869564056
        ]
    ],
    "quat": [
        [
            0.9269291162490845,
            0.37451958656311035,
            0.0210824403911829,
            -0.009646588936448097
        ],
        [
            0.9626516103744507,
            0.19662614166736603,
            0.1266503930091858,
            -0.1363808810710907
        ],
        [
            0.9845227003097534,
            0.17396634817123413,
            -0.009403614327311516,
            0.01903614029288292
        ],
        [
            0.9277172684669495,
            0.320098340511322,
            0.17290125787258148,
            -0.08356357365846634
        ],
        [
            0.9369254112243652,
            -0.26579055190086365,
            0.1045675128698349,
            -0.20147405564785004
        ],
        [
            0.7122253775596619,
            -0.7017899751663208,
            0.006280435249209404,
            0.013655202463269234
        ],
        [
            0.7171929478645325,
            -0.6550202369689941,
            0.23707278072834015,
            0.019475288689136505
        ],
        [
            -0.5306045413017273,
            0.8073599338531494,
            -0.2538885772228241,
            0.04657547548413277
        ]
    ]
}