{
    "xyz": [
        [
            0.5286593437194824,
            -0.11580723524093628,
            0.40819051861763
        ],
        [
            0.45876365900039673,
            -0.18092016875743866,
            0.1561407595872879
        ],
        [
            0.2226586639881134,
            -0.41939663887023926,
            0.15152904391288757
        ],
        [
            0.45876365900039673,
            -0.18092016875743866,
            0.40819051861763
        ],
        [
            0.2226586639881134,
            -0.41939663887023926,
            0.40819051861763
        ]
    ],
    "quat": [
        [
            0.9392265677452087,
            0.342766672372818,
            0.014598522335290909,
            -0.012301383540034294
        ],
        [
            0.7982182502746582,
            -0.5711542963981628,
            0.18645060062408447,
            -0.043204404413700104
        ],
        [
            -0.5602781772613525,
            0.8053262829780579,
            -0.16234444081783295,
            0.1057460755109787
        ]
    ]
}