{
    "xyz": [
        [
            0.5087915658950806,
            0.040293630212545395,
            0.23890361189842224
        ],
        [
            0.339822381734848,
            -0.25323498249053955,
            0.286016047000885
        ],
        [
            0.5133076906204224,
            -0.4125151038169861,
            0.3501319885253906
        ],
        [
            0.28002360463142395,
            -0.14217324554920197,
            0.22208410501480103
        ],
        [
            0.3814500868320465,
            0.056719712913036346,
            0.26209038496017456
        ],
        [
            0.5154727697372437,
            0.32240715622901917,
            0.2311762124300003
        ],
        [
            0.308036208152771,
            0.22962957620620728,
            0.26586541533470154
        ],
        [
            0.29772961139678955,
            0.17153377830982208,
            0.21758167445659637
        ]
    ],
    "quat": [
        [
            0.9206633567810059,
            0.3889838457107544,
            0.031894005835056305,
            -0.0073026325553655624
        ],
        [
            0.8743889331817627,
            -0.3607822358608246,
            0.2929862141609192,
            -0.13942460715770721
        ],
        [
            0.7470505833625793,
            -0.5780127644538879,
            0.24792669713497162,
            -0.2152882218360901
        ],
        [
            0.9830495119094849,
            0.09846562147140503,
            0.15457266569137573,
            -0.005045971367508173
        ]
    ]
}