{
    "xyz": [
        [
            0.40493181347846985,
            0.03924690932035446,
            0.2911771237850189
        ],
        [
            0.3999781608581543,
            -0.13022080063819885,
            0.30351346731185913
        ],
        [
            0.36320826411247253,
            0.13891051709651947,
            0.2881118357181549
        ],
        [
            0.4750024080276489,
            0.008565529249608517,
            0.2611600160598755
        ],
        [
            0.3682584762573242,
            0.06650709360837936,
            0.3255017101764679
        ],
        [
            0.38490259647369385,
            0.1103924810886383,
            0.24857255816459656
        ],
        [
            0.39509060978889465,
            0.06782860308885574,
            0.19655455648899078
        ]
    ],
    "quat": [
        [
            0.8610060214996338,
            -0.45470762252807617,
            0.2217835932970047,
            -0.05216973274946213
        ],
        [
            0.8819985389709473,
            -0.4324268102645874,
            0.18716658651828766,
            0.007369156926870346
        ]
    ]
}